window,win_rate_return,win_rate_sharpe,win_rate_risk_match
10y,0.857143,0.657143,0.571429
1y,0.857143,0.771429,0.714286
20y,0.771429,0.485714,0.657143
3y,0.857143,0.628571,0.571429
5y,0.885714,0.600000,0.571429
